Main,Department,Sub Department
अनुसूचित जाचत कल्याण चिभाग----उजाा चिभाग,अनुसूचित जाचत कल्याण चिभाग,उजाा चिभाग
अनुसूचित जाचत कल्याण चिभाग----लोक स्िास्थय याांचिकी चिभाग,अनुसूचित जाचत कल्याण चिभाग,लोक स्िास्थय याांचिकी चिभाग
अनुसूचित जाचत कल्याण चिभाग----खाद्य आपूर्ता चिभाग,अनुसूचित जाचत कल्याण चिभाग,खाद्य आपूर्ता चिभाग
अनुसूचित जाचत कल्याण चिभाग----पुचलस,अनुसूचित जाचत कल्याण चिभाग,पुचलस
अनुसूचित जाचत कल्याण चिभाग----राजस्ि चिभाग,अनुसूचित जाचत कल्याण चिभाग,राजस्ि चिभाग
अनुसूचित जाचत कल्याण चिभाग----लोक चिक्षण,अनुसूचित जाचत कल्याण चिभाग,लोक चिक्षण
अनुसूचित जाचत कल्याण चिभाग----नगर पाचलका/नगर पररषद/अन्य नगर चनकाय,अनुसूचित जाचत कल्याण चिभाग,नगर पाचलका/नगर पररषद/अन्य नगर चनकाय
अनुसूचित जाचत कल्याण चिभाग----लोक स्िास््य,अनुसूचित जाचत कल्याण चिभाग,लोक स्िास््य
अनुसूचित जाचत कल्याण चिभाग----प्राकृ चतक प्रकोप राहत राचि,अनुसूचित जाचत कल्याण चिभाग,प्राकृ चतक प्रकोप राहत राचि
अनुसूचित जाचत कल्याण चिभाग----पांिायती राज,अनुसूचित जाचत कल्याण चिभाग,पांिायती राज
अनुसूचित जाचत कल्याण चिभाग----स्िच्छ भारत चििन (पांिायत एिां ग्रािीण चिकास चिभाग),अनुसूचित जाचत कल्याण चिभाग,स्िच्छ भारत चििन (पांिायत एिां ग्रािीण चिकास चिभाग)
अनुसूचित जाचत कल्याण चिभाग----सािाचजक न्याय एिां चनिक्त कल्याण चिभाग,अनुसूचित जाचत कल्याण चिभाग,सािाचजक न्याय एिां चनिक्त कल्याण चिभाग
अनुसूचित जाचत कल्याण चिभाग----सीिाांकन,अनुसूचित जाचत कल्याण चिभाग,सीिाांकन
अनुसूचित जाचत कल्याण चिभाग----राज्य चिक्षा कें द्र,अनुसूचित जाचत कल्याण चिभाग,राज्य चिक्षा कें द्र
अनुसूचित जाचत कल्याण चिभाग----सहकाररता चिभाग,अनुसूचित जाचत कल्याण चिभाग,सहकाररता चिभाग
अनुसूचित जाचत कल्याण चिभाग----साफ सफाई / स्िास्थ सेिाएँ - नगर चनगि,अनुसूचित जाचत कल्याण चिभाग,साफ सफाई / स्िास्थ सेिाएँ - नगर चनगि
अनुसूचित जाचत कल्याण चिभाग----सािान्य प्रिासन चिभाग,अनुसूचित जाचत कल्याण चिभाग,सािान्य प्रिासन चिभाग
अनुसूचित जाचत कल्याण चिभाग----लीड बैंक - सांस्थागत चित्त,अनुसूचित जाचत कल्याण चिभाग,लीड बैंक - सांस्थागत चित्त
अनुसूचित जाचत कल्याण चिभाग----सांस्थागत चित्त,अनुसूचित जाचत कल्याण चिभाग,सांस्थागत चित्त
अनुसूचित जाचत कल्याण चिभाग----जल सांसाधन चिभाग,अनुसूचित जाचत कल्याण चिभाग,जल सांसाधन चिभाग
अनुसूचित जाचत कल्याण चिभाग----िनरेगा,अनुसूचित जाचत कल्याण चिभाग,िनरेगा
अनुसूचित जाचत कल्याण चिभाग----िचहला एिां बाल चिकास चिभाग,अनुसूचित जाचत कल्याण चिभाग,िचहला एिां बाल चिकास चिभाग
अनुसूचित जाचत कल्याण चिभाग----इांददरा आिास योजना,अनुसूचित जाचत कल्याण चिभाग,इांददरा आिास योजना
अनुसूचित जाचत कल्याण चिभाग----िन चिभाग,अनुसूचित जाचत कल्याण चिभाग,िन चिभाग
अनुसूचित जाचत कल्याण चिभाग----प्रकाि व्यिस्था - नगर चनगि,अनुसूचित जाचत कल्याण चिभाग,प्रकाि व्यिस्था - नगर चनगि
अनुसूचित जाचत कल्याण चिभाग----जनजातीय काया चिभाग,अनुसूचित जाचत कल्याण चिभाग,जनजातीय काया चिभाग
अनुसूचित जाचत कल्याण चिभाग----कृ चष चिकास चिभाग,अनुसूचित जाचत कल्याण चिभाग,कृ चष चिकास चिभाग
अनुसूचित जाचत कल्याण चिभाग----डायल 100 पुचलस,अनुसूचित जाचत कल्याण चिभाग,डायल 100 पुचलस
अनुसूचित जाचत कल्याण चिभाग----पेयजल - नगर चनगि,अनुसूचित जाचत कल्याण चिभाग,पेयजल - नगर चनगि
अनुसूचित जाचत कल्याण चिभाग----प्रधानिांिी आिास योजना- ग्रािीण,अनुसूचित जाचत कल्याण चिभाग,प्रधानिांिी आिास योजना- ग्रािीण
अनुसूचित जाचत कल्याण चिभाग----पररिहन चिभाग,अनुसूचित जाचत कल्याण चिभाग,पररिहन चिभाग
अनुसूचित जाचत कल्याण चिभाग----लोक चनिााण चिभाग,अनुसूचित जाचत कल्याण चिभाग,लोक चनिााण चिभाग
अनुसूचित जाचत कल्याण चिभाग----अनुसूचित जाचत कल्याण चिभाग,अनुसूचित जाचत कल्याण चिभाग,अनुसूचित जाचत कल्याण चिभाग
अनुसूचित जाचत कल्याण चिभाग----सीिेज - नगर चनगि,अनुसूचित जाचत कल्याण चिभाग,सीिेज - नगर चनगि
अनुसूचित जाचत कल्याण चिभाग----िुख्यिांिी ग्रािीण आिास चििन,अनुसूचित जाचत कल्याण चिभाग,िुख्यिांिी ग्रािीण आिास चििन
अनुसूचित जाचत कल्याण चिभाग----उच्च चिक्षा,अनुसूचित जाचत कल्याण चिभाग,उच्च चिक्षा
अनुसूचित जाचत कल्याण चिभाग----आबकारी चिभाग,अनुसूचित जाचत कल्याण चिभाग,आबकारी चिभाग
अनुसूचित जाचत कल्याण चिभाग----प्रधानिांिी ग्राि सड़क योजना,अनुसूचित जाचत कल्याण चिभाग,प्रधानिांिी ग्राि सड़क योजना
अनुसूचित जाचत कल्याण चिभाग----िध्यान्ह भोजन,अनुसूचित जाचत कल्याण चिभाग,िध्यान्ह भोजन
अनुसूचित जाचत कल्याण चिभाग----चजला अस्पताल,अनुसूचित जाचत कल्याण चिभाग,चजला अस्पताल
अनुसूचित जाचत कल्याण चिभाग----चजला व्यापार एिां उद्योग कें द्र,अनुसूचित जाचत कल्याण चिभाग,चजला व्यापार एिां उद्योग कें द्र
अनुसूचित जाचत कल्याण चिभाग----खचनज साधन चिभाग,अनुसूचित जाचत कल्याण चिभाग,खचनज साधन चिभाग
अनुसूचित जाचत कल्याण चिभाग----चनिाािन िाखा,अनुसूचित जाचत कल्याण चिभाग,चनिाािन िाखा
अनुसूचित जाचत कल्याण चिभाग----पिुपालन,अनुसूचित जाचत कल्याण चिभाग,पिुपालन
अनुसूचित जाचत कल्याण चिभाग----अस्थाई अचतक्रिण - नगर चनगि,अनुसूचित जाचत कल्याण चिभाग,अस्थाई अचतक्रिण - नगर चनगि
अनुसूचित जाचत कल्याण चिभाग----दकसान क्रे चडट काडा- सहकाररता,अनुसूचित जाचत कल्याण चिभाग,दकसान क्रे चडट काडा- सहकाररता
अनुसूचित जाचत कल्याण चिभाग----जय दकसान फसल ऋण िाफी,अनुसूचित जाचत कल्याण चिभाग,जय दकसान फसल ऋण िाफी
अनुसूचित जाचत कल्याण चिभाग----पुचलस दरू सांिार- रेचडयो पुचलस,अनुसूचित जाचत कल्याण चिभाग,पुचलस दरू सांिार- रेचडयो पुचलस
अनुसूचित जाचत कल्याण चिभाग----स्थापना िाखा- पररिहन चिभाग,अनुसूचित जाचत कल्याण चिभाग,स्थापना िाखा- पररिहन चिभाग
आयुष चिभाग----अनुसूचित जाचत कल्याण चिभाग,आयुष चिभाग,अनुसूचित जाचत कल्याण चिभाग
आयुष चिभाग----अन््यािसायी िाखा,आयुष चिभाग,अन््यािसायी िाखा
आयुष चिभाग----अन्य चिभाग,आयुष चिभाग,अन्य चिभाग
उच्च चिक्षा चिभाग----आयुष चिभाग,उच्च चिक्षा चिभाग,आयुष चिभाग
उच्च चिक्षा चिभाग----िास. स्ि. यूनानी िहाचिद्यालय भोपाल,उच्च चिक्षा चिभाग,िास. स्ि. यूनानी िहाचिद्यालय भोपाल
उच्च चिक्षा चिभाग----िास. स्ि. होम्योपैथी िहाचिद्यालय भोपाल,उच्च चिक्षा चिभाग,िास. स्ि. होम्योपैथी िहाचिद्यालय भोपाल
उच्च चिक्षा चिभाग----िास. स्ि. आयुिेद िहाचिद्यालय इांदौर,उच्च चिक्षा चिभाग,िास. स्ि. आयुिेद िहाचिद्यालय इांदौर
उच्च चिक्षा चिभाग----िास. स्ि. आयुिेद िहाचिद्यालय उज्जैन,उच्च चिक्षा चिभाग,िास. स्ि. आयुिेद िहाचिद्यालय उज्जैन
उच्च चिक्षा चिभाग----िास. स्ि. आयुिेद िहाचिद्यालय ग्िाचलयर,उच्च चिक्षा चिभाग,िास. स्ि. आयुिेद िहाचिद्यालय ग्िाचलयर
उच्च चिक्षा चिभाग----िास. स्ि. आयुिेद िहाचिद्यालय जबलपुर,उच्च चिक्षा चिभाग,िास. स्ि. आयुिेद िहाचिद्यालय जबलपुर
उच्च चिक्षा चिभाग----िास. स्ि. आयुिेद िहाचिद्यालय बुरहानपुर,उच्च चिक्षा चिभाग,िास. स्ि. आयुिेद िहाचिद्यालय बुरहानपुर
उच्च चिक्षा चिभाग----िास. स्ि. आयुिेद िहाचिद्यालय भोपाल,उच्च चिक्षा चिभाग,िास. स्ि. आयुिेद िहाचिद्यालय भोपाल
उच्च चिक्षा चिभाग----िास. स्ि. आयुिेद िहाचिद्यालय रीिा,उच्च चिक्षा चिभाग,िास. स्ि. आयुिेद िहाचिद्यालय रीिा
उच्च चिक्षा चिभाग----िासकीय आयुिेद फोिेसी ग्िाचलयर,उच्च चिक्षा चिभाग,िासकीय आयुिेद फोिेसी ग्िाचलयर
उच्च चिक्षा चिभाग----िासकीय यूनानी फोिेसी भोपाल,उच्च चिक्षा चिभाग,िासकीय यूनानी फोिेसी भोपाल
उद्याचनकी एिां खाद्य प्रसांस्करण चिभाग----उच्च चिक्षा,उद्याचनकी एिां खाद्य प्रसांस्करण चिभाग,उच्च चिक्षा
उद्याचनकी एिां खाद्य प्रसांस्करण चिभाग----जीबाजी चिश्वचिद्यालय ग्िाचलयर,उद्याचनकी एिां खाद्य प्रसांस्करण चिभाग,जीबाजी चिश्वचिद्यालय ग्िाचलयर
उद्याचनकी एिां खाद्य प्रसांस्करण चिभाग----बरकतउल्ला चिश्वचिद्यालय भोपाल,उद्याचनकी एिां खाद्य प्रसांस्करण चिभाग,बरकतउल्ला चिश्वचिद्यालय भोपाल
उद्याचनकी एिां खाद्य प्रसांस्करण चिभाग----भोज िुक्त चिश्वचिद्यालय,उद्याचनकी एिां खाद्य प्रसांस्करण चिभाग,भोज िुक्त चिश्वचिद्यालय
उद्याचनकी एिां खाद्य प्रसांस्करण चिभाग----रानी दगु,उद्याचनकी एिां खाद्य प्रसांस्करण चिभाग,रानी दगु
ााबती चिश्वचिद्यालय जबलपुर,ााबती चिश्वचिद्यालय जबलपुर,
उद्याचनकी एिां खाद्य प्रसांस्करण चिभाग----अिधेि प्रताप ससांह चिश्वचिद्यालय रीिा,उद्याचनकी एिां खाद्य प्रसांस्करण चिभाग,अिधेि प्रताप ससांह चिश्वचिद्यालय रीिा
उद्याचनकी एिां खाद्य प्रसांस्करण चिभाग----डॉ. हररससांह गोर चिश्वचिद्यालय सागर,उद्याचनकी एिां खाद्य प्रसांस्करण चिभाग,डॉ. हररससांह गोर चिश्वचिद्यालय सागर
उद्याचनकी एिां खाद्य प्रसांस्करण चिभाग----देिी अचहल्या चिश्वचिद्यालय इांदौर,उद्याचनकी एिां खाद्य प्रसांस्करण चिभाग,देिी अचहल्या चिश्वचिद्यालय इांदौर
उद्याचनकी एिां खाद्य प्रसांस्करण चिभाग----चिक्रि यूचनिर्साटी उज्जैन,उद्याचनकी एिां खाद्य प्रसांस्करण चिभाग,चिक्रि यूचनिर्साटी उज्जैन
उद्याचनकी एिां खाद्य प्रसांस्करण चिभाग----चछन्दिाडा चिश्वचिद्यालय चछन्दिाडा,उद्याचनकी एिां खाद्य प्रसांस्करण चिभाग,चछन्दिाडा चिश्वचिद्यालय चछन्दिाडा
उद्याचनकी एिां खाद्य प्रसांस्करण चिभाग----िहा्िा गाँधी चििकू ट ग्रािोदय चिश्वचिद्यालय,उद्याचनकी एिां खाद्य प्रसांस्करण चिभाग,िहा्िा गाँधी चििकू ट ग्रािोदय चिश्वचिद्यालय
उद्याचनकी एिां खाद्य प्रसांस्करण चिभाग----पांचडत एस.एन. िुक्ला चिश्वचिद्यालय िहडोल,उद्याचनकी एिां खाद्य प्रसांस्करण चिभाग,पांचडत एस.एन. िुक्ला चिश्वचिद्यालय िहडोल
उद्याचनकी एिां खाद्य प्रसांस्करण चिभाग----िहाराजा छिसाल चिश्वचिद्यालय छतरपुर,उद्याचनकी एिां खाद्य प्रसांस्करण चिभाग,िहाराजा छिसाल चिश्वचिद्यालय छतरपुर
उद्याचनकी एिां खाद्य प्रसांस्करण चिभाग----िहर्षा िहिे,उद्याचनकी एिां खाद्य प्रसांस्करण चिभाग,िहर्षा िहिे
योगी िदै दक चिश्वचिद्यालय,योगी िदै दक चिश्वचिद्यालय,
उद्याचनकी एिां खाद्य प्रसांस्करण चिभाग----अटल चबहारी चिश्वचिधालय भोपाल,उद्याचनकी एिां खाद्य प्रसांस्करण चिभाग,अटल चबहारी चिश्वचिधालय भोपाल
उद्याचनकी एिां खाद्य प्रसांस्करण चिभाग----डॉ. बी. आर. अम्बेडकर सािाचजक चिज्ञान चिश्वचिद्यालय,उद्याचनकी एिां खाद्य प्रसांस्करण चिभाग,डॉ. बी. आर. अम्बेडकर सािाचजक चिज्ञान चिश्वचिद्यालय
उद्याचनकी एिां खाद्य प्रसांस्करण चिभाग----िहर्षा पाचणनी सस्कृ त एिां िैददक चिश्वचिद्यालय उज्जैन,उद्याचनकी एिां खाद्य प्रसांस्करण चिभाग,िहर्षा पाचणनी सस्कृ त एिां िैददक चिश्वचिद्यालय उज्जैन
"उद्याचनकी एिां खाद्य प्रसांस्करण चिभाग----धिािास्त्र राष्ट्रीय चिचध चिश्वचिद्यालय, जबलपुर",उद्याचनकी एिां खाद्य प्रसांस्करण चिभाग,"धिािास्त्र राष्ट्रीय चिचध चिश्वचिद्यालय, जबलपुर"
उजाा चिभाग----उद्याचनकी एिां खाद्य प्रसांस्करण चिभाग,उजाा चिभाग,उद्याचनकी एिां खाद्य प्रसांस्करण चिभाग
दकसान कल्याण एिां कृ चष चिकास चिभाग----सौर पथ प्रकाि सयांि,दकसान कल्याण एिां कृ चष चिकास चिभाग,सौर पथ प्रकाि सयांि
दकसान कल्याण एिां कृ चष चिकास चिभाग----सोलर पांप (निीन एिां निकरणीय उजाा चिभाग),दकसान कल्याण एिां कृ चष चिकास चिभाग,सोलर पांप (निीन एिां निकरणीय उजाा चिभाग)
दकसान कल्याण एिां कृ चष चिकास चिभाग----अक्षय उजाा िॉप,दकसान कल्याण एिां कृ चष चिकास चिभाग,अक्षय उजाा िॉप
दकसान कल्याण एिां कृ चष चिकास चिभाग----चग्रड सयोचजत पररयोजना-पिन ऊजाा,दकसान कल्याण एिां कृ चष चिकास चिभाग,चग्रड सयोचजत पररयोजना-पिन ऊजाा
दकसान कल्याण एिां कृ चष चिकास चिभाग----चग्रड सयोचजत पररयोजना-सौर ऊजाा,दकसान कल्याण एिां कृ चष चिकास चिभाग,चग्रड सयोचजत पररयोजना-सौर ऊजाा
दकसान कल्याण एिां कृ चष चिकास चिभाग----सोलर पॉिर पैक,दकसान कल्याण एिां कृ चष चिकास चिभाग,सोलर पॉिर पैक
दकसान कल्याण एिां कृ चष चिकास चिभाग----आर ई सी,दकसान कल्याण एिां कृ चष चिकास चिभाग,आर ई सी
दकसान कल्याण एिां कृ चष चिकास चिभाग----चग्रड सयोचजत पररयोजना-बायोिास,दकसान कल्याण एिां कृ चष चिकास चिभाग,चग्रड सयोचजत पररयोजना-बायोिास
दकसान कल्याण एिां कृ चष चिकास चिभाग----चग्रड सयोचजत पररयोजना-लद्यु जल चिद्युत ऊजाा,दकसान कल्याण एिां कृ चष चिकास चिभाग,चग्रड सयोचजत पररयोजना-लद्यु जल चिद्युत ऊजाा
दकसान कल्याण एिां कृ चष चिकास चिभाग----सोलर थिाल,दकसान कल्याण एिां कृ चष चिकास चिभाग,सोलर थिाल
कु टीर एिां ग्रािोद्योग चिभाग----कृ चष चिकास चिभाग,कु टीर एिां ग्रािोद्योग चिभाग,कृ चष चिकास चिभाग
कु टीर एिां ग्रािोद्योग चिभाग----जय दकसान फसल ऋण  िाफी,कु टीर एिां ग्रािोद्योग चिभाग,जय दकसान फसल ऋण  िाफी
कु टीर एिां ग्रािोद्योग चिभाग----कृ चष उपज िांडी,कु टीर एिां ग्रािोद्योग चिभाग,कृ चष उपज िांडी
कु टीर एिां ग्रािोद्योग चिभाग----अनाज पररिहन हल्े पलाईन,कु टीर एिां ग्रािोद्योग चिभाग,अनाज पररिहन हल्े पलाईन
कु टीर एिां ग्रािोद्योग चिभाग----कां बाईन हािेस्टर हल्े  पलाईन,कु टीर एिां ग्रािोद्योग चिभाग,कां बाईन हािेस्टर हल्े  पलाईन
कु टीर एिां ग्रािोद्योग चिभाग----जबाहरलाल नेहरू कृ चष चिश्वचिद्यालय,कु टीर एिां ग्रािोद्योग चिभाग,जबाहरलाल नेहरू कृ चष चिश्वचिद्यालय
कु टीर एिां ग्रािोद्योग चिभाग----िध्यप्रदेि राज्य बीज एिां फािा चिकास चनगि,कु टीर एिां ग्रािोद्योग चिभाग,िध्यप्रदेि राज्य बीज एिां फािा चिकास चनगि
कु टीर एिां ग्रािोद्योग चिभाग----सांिालनालय कृ चष अचभयाांचिकी,कु टीर एिां ग्रािोद्योग चिभाग,सांिालनालय कृ चष अचभयाांचिकी
कु टीर एिां ग्रािोद्योग चिभाग----राजिाता चिजयाराजे ससांचधया कृ चष चिश्वचिद्यालय,कु टीर एिां ग्रािोद्योग चिभाग,राजिाता चिजयाराजे ससांचधया कृ चष चिश्वचिद्यालय
कु टीर एिां ग्रािोद्योग चिभाग----फसल बीिा- कृ चष कल्याण चिभाग,कु टीर एिां ग्रािोद्योग चिभाग,फसल बीिा- कृ चष कल्याण चिभाग
कु टीर एिां ग्रािोद्योग चिभाग----ि.प्र. राज्य कृ चष चिपणन बोडा भोपाल,कु टीर एिां ग्रािोद्योग चिभाग,ि.प्र. राज्य कृ चष चिपणन बोडा भोपाल
खचनज साधन चिभाग----रेिि,खचनज साधन चिभाग,रेिि
खचनज साधन चिभाग----खादी बोडा,खचनज साधन चिभाग,खादी बोडा
खचनज साधन चिभाग----हाथकरघा सांिनालय,खचनज साधन चिभाग,हाथकरघा सांिनालय
खचनज साधन चिभाग----हस्तचिल्प,खचनज साधन चिभाग,हस्तचिल्प
खचनज साधन चिभाग----िाटीकला,खचनज साधन चिभाग,िाटीकला
खाद्य नागररक आपूर्ता एिां उपभोक्ता सांरक्षण चिभाग----खचनज साधन चिभाग,खाद्य नागररक आपूर्ता एिां उपभोक्ता सांरक्षण चिभाग,खचनज साधन चिभाग
खेल एिां युिा कल्याण चिभाग----खाद्य आपूर्ता चिभाग,खेल एिां युिा कल्याण चिभाग,खाद्य आपूर्ता चिभाग
खेल एिां युिा कल्याण चिभाग----उपभोक्ता सांरक्षण चिभाग,खेल एिां युिा कल्याण चिभाग,उपभोक्ता सांरक्षण चिभाग
खेल एिां युिा कल्याण चिभाग----एि.पी. स्टेट चसचिल सप्लाईज  कापोरेिन,खेल एिां युिा कल्याण चिभाग,एि.पी. स्टेट चसचिल सप्लाईज  कापोरेिन
खेल एिां युिा कल्याण चिभाग----चजला सहकारी के न्द्रीय बैंक,खेल एिां युिा कल्याण चिभाग,चजला सहकारी के न्द्रीय बैंक
खेल एिां युिा कल्याण चिभाग----चिपणन सांघ (िाका फे ड),खेल एिां युिा कल्याण चिभाग,चिपणन सांघ (िाका फे ड)
खेल एिां युिा कल्याण चिभाग----िध्यप्रदेि िेयरहाउससांग एण्ड लॉचजचस्टक्स कारपोरेिन,खेल एिां युिा कल्याण चिभाग,िध्यप्रदेि िेयरहाउससांग एण्ड लॉचजचस्टक्स कारपोरेिन
खेल एिां युिा कल्याण चिभाग----चनयांिक नाप - तौल ि.प्र.,खेल एिां युिा कल्याण चिभाग,चनयांिक नाप - तौल ि.प्र.
खेल एिां युिा कल्याण चिभाग----चजला चिकायत चनिारण अचधकारी (डी.जी.आर.ओ.),खेल एिां युिा कल्याण चिभाग,चजला चिकायत चनिारण अचधकारी (डी.जी.आर.ओ.)
गृह चिभाग----खेल एिां युिा कल्याण चिभाग,गृह चिभाग,खेल एिां युिा कल्याण चिभाग
चिदक्सा चिक्षा चिभाग----पुचलस,चिदक्सा चिक्षा चिभाग,पुचलस
चिदक्सा चिक्षा चिभाग----डायल 100 पुचलस,चिदक्सा चिक्षा चिभाग,डायल 100 पुचलस
चिदक्सा चिक्षा चिभाग----पुचलस दरू सांिार- रेचडयो पुचलस,चिदक्सा चिक्षा चिभाग,पुचलस दरू सांिार- रेचडयो पुचलस
चिदक्सा चिक्षा चिभाग----यातायात पुचलस,चिदक्सा चिक्षा चिभाग,यातायात पुचलस
चिदक्सा चिक्षा चिभाग----होिगाडा एिां नागररक सुरक्षा,चिदक्सा चिक्षा चिभाग,होिगाडा एिां नागररक सुरक्षा
चिदक्सा चिक्षा चिभाग----साइबर पुचलस,चिदक्सा चिक्षा चिभाग,साइबर पुचलस
चिदक्सा चिक्षा चिभाग----रेलिे पुचलस (जी.आर.पी.),चिदक्सा चिक्षा चिभाग,रेलिे पुचलस (जी.आर.पी.)
चिदक्सा चिक्षा चिभाग----अचिििन (FIRE),चिदक्सा चिक्षा चिभाग,अचिििन (FIRE)
चिदक्सा चिक्षा चिभाग----राज्य अपराध अनुसांधान ( CID),चिदक्सा चिक्षा चिभाग,राज्य अपराध अनुसांधान ( CID)
चिदक्सा चिक्षा चिभाग----चिसबल पुचलस,चिदक्सा चिक्षा चिभाग,चिसबल पुचलस
चिदक्सा चिक्षा चिभाग----सैचनक कल्याण चिभाग,चिदक्सा चिक्षा चिभाग,सैचनक कल्याण चिभाग
चिदक्सा चिक्षा चिभाग----कार्िाक- पुचलस,चिदक्सा चिक्षा चिभाग,कार्िाक- पुचलस
चिदक्सा चिक्षा चिभाग----यूक्रे न सहायता,चिदक्सा चिक्षा चिभाग,यूक्रे न सहायता
जन चिकायत चनिारण चिभाग----सछांदिाड़ा इांस्टीट्यूट ऑफ़ िेचडकल साइांस चिदक्सा िहाचिद्यालय सछांदिाड़ा,जन चिकायत चनिारण चिभाग,सछांदिाड़ा इांस्टीट्यूट ऑफ़ िेचडकल साइांस चिदक्सा िहाचिद्यालय सछांदिाड़ा
जन चिकायत चनिारण चिभाग----अटल चबहारी बाजपेयी िासकीय चिदक्सा िहाचिद्यालय चिददिा,जन चिकायत चनिारण चिभाग,अटल चबहारी बाजपेयी िासकीय चिदक्सा िहाचिद्यालय चिददिा
जन चिकायत चनिारण चिभाग----एि.आर.टी.बी. चिदक्सालय इांदौर,जन चिकायत चनिारण चिभाग,एि.आर.टी.बी. चिदक्सालय इांदौर
जन चिकायत चनिारण चिभाग----क्षय चिदक्सालय भोपाल,जन चिकायत चनिारण चिभाग,क्षय चिदक्सालय भोपाल
जन चिकायत चनिारण चिभाग----क्षय रोग चिदक्सालय सागर,जन चिकायत चनिारण चिभाग,क्षय रोग चिदक्सालय सागर
जन चिकायत चनिारण चिभाग----कैं सर चिदक्सालय इांदौर,जन चिकायत चनिारण चिभाग,कैं सर चिदक्सालय इांदौर
जन चिकायत चनिारण चिभाग----गजराराजा चिदक्सा िहाचिद्यालय ग्िाचलयर,जन चिकायत चनिारण चिभाग,गजराराजा चिदक्सा िहाचिद्यालय ग्िाचलयर
जन चिकायत चनिारण चिभाग----गाँधी िासकीय चिदक्सा िहाचिद्यालय भोपाल,जन चिकायत चनिारण चिभाग,गाँधी िासकीय चिदक्सा िहाचिद्यालय भोपाल
जन चिकायत चनिारण चिभाग----गाँधी स्िारक चिदक्सालय रीिा,जन चिकायत चनिारण चिभाग,गाँधी स्िारक चिदक्सालय रीिा
जन चिकायत चनिारण चिभाग----िािा नेहरु बाल चिदक्सालय इांदौर,जन चिकायत चनिारण चिभाग,िािा नेहरु बाल चिदक्सालय इांदौर
जन चिकायत चनिारण चिभाग----जयारोग्य चिदक्सालय सिूह ग्िाचलयर,जन चिकायत चनिारण चिभाग,जयारोग्य चिदक्सालय सिूह ग्िाचलयर
जन चिकायत चनिारण चिभाग----नेताजी सुभाष िांद्र बोस िासकीय चिदक्सा िहाचिद्यालय जबलपुर,जन चिकायत चनिारण चिभाग,नेताजी सुभाष िांद्र बोस िासकीय चिदक्सा िहाचिद्यालय जबलपुर
जन चिकायत चनिारण चिभाग----बुांदेलखांड िासकीय चिदक्सा िहाचिद्यालय सागर,जन चिकायत चनिारण चिभाग,बुांदेलखांड िासकीय चिदक्सा िहाचिद्यालय सागर
जन चिकायत चनिारण चिभाग----चबरसा िुण्डा िासकीय चिदक्सा िहाचिद्यालय िहडोल,जन चिकायत चनिारण चिभाग,चबरसा िुण्डा िासकीय चिदक्सा िहाचिद्यालय िहडोल
जन चिकायत चनिारण चिभाग----ि.प्र. आयुर्िाज्ञान चिश्वचिद्यालय जबलपुर,जन चिकायत चनिारण चिभाग,ि.प्र. आयुर्िाज्ञान चिश्वचिद्यालय जबलपुर
जन चिकायत चनिारण चिभाग----ि.प्र. दन्त चिदक्सा इन्दौर,जन चिकायत चनिारण चिभाग,ि.प्र. दन्त चिदक्सा इन्दौर
जन चिकायत चनिारण चिभाग----ि.प्र. नसेस रचजस्रेिन कौंचसल भोपाल,जन चिकायत चनिारण चिभाग,ि.प्र. नसेस रचजस्रेिन कौंचसल भोपाल
जन चिकायत चनिारण चिभाग----ि.प्र. पैरािेचडकल कौंचसल भोपाल,जन चिकायत चनिारण चिभाग,ि.प्र. पैरािेचडकल कौंचसल भोपाल
जन चिकायत चनिारण चिभाग----ि.प्र. िेचडकल कौंचसल भोपाल,जन चिकायत चनिारण चिभाग,ि.प्र. िेचडकल कौंचसल भोपाल
जन चिकायत चनिारण चिभाग----िहा्िा गाँधी स्िृचत चिदक्सा िहाचिद्यालय इांदौर,जन चिकायत चनिारण चिभाग,िहा्िा गाँधी स्िृचत चिदक्सा िहाचिद्यालय इांदौर
जन चिकायत चनिारण चिभाग----िहाराजा तुकोजीराि चिदक्सालय ( एि.टी.एि) इांदौर,जन चिकायत चनिारण चिभाग,िहाराजा तुकोजीराि चिदक्सालय ( एि.टी.एि) इांदौर
जन चिकायत चनिारण चिभाग----िहाराजा यििांत चिदक्सालय इांदौर,जन चिकायत चनिारण चिभाग,िहाराजा यििांत चिदक्सालय इांदौर
जन चिकायत चनिारण चिभाग----िानचसक आरोग्यिाला ग्िाचलयर,जन चिकायत चनिारण चिभाग,िानचसक आरोग्यिाला ग्िाचलयर
जन चिकायत चनिारण चिभाग----श्याििाह चिदक्सा िहाचिद्यालय रीिा,जन चिकायत चनिारण चिभाग,श्याििाह चिदक्सा िहाचिद्यालय रीिा
जन चिकायत चनिारण चिभाग----श्रीिांत चिजयराजे ससांचधया िासकीय चिदक्सा िहाचिद्यालय चििपुरी,जन चिकायत चनिारण चिभाग,श्रीिांत चिजयराजे ससांचधया िासकीय चिदक्सा िहाचिद्यालय चििपुरी
जन चिकायत चनिारण चिभाग----िासकीय चिदक्सा िहाचिद्यालय दचतया,जन चिकायत चनिारण चिभाग,िासकीय चिदक्सा िहाचिद्यालय दचतया
जन चिकायत चनिारण चिभाग----िासकीय चिदक्सा िहाचिद्यालय रतलाि,जन चिकायत चनिारण चिभाग,िासकीय चिदक्सा िहाचिद्यालय रतलाि
जन चिकायत चनिारण चिभाग----स्कू ल ऑफ़ एक्सीलेंस इन पल्िोनरी िेचडसन जबलपुर,जन चिकायत चनिारण चिभाग,स्कू ल ऑफ़ एक्सीलेंस इन पल्िोनरी िेचडसन जबलपुर
जन चिकायत चनिारण चिभाग----स्टेट कैं सर चिदक्सालय जबलपुर,जन चिकायत चनिारण चिभाग,स्टेट कैं सर चिदक्सालय जबलपुर
जन चिकायत चनिारण चिभाग----सुपर स्पेिचलटी अस्पताल इांदौर,जन चिकायत चनिारण चिभाग,सुपर स्पेिचलटी अस्पताल इांदौर
जन चिकायत चनिारण चिभाग----सुपर स्पेिचलटी अस्पताल ग्िाचलयर,जन चिकायत चनिारण चिभाग,सुपर स्पेिचलटी अस्पताल ग्िाचलयर
जन चिकायत चनिारण चिभाग----सुपर स्पेिचलटी चिदक्सालय जबलपुर,जन चिकायत चनिारण चिभाग,सुपर स्पेिचलटी चिदक्सालय जबलपुर
जन चिकायत चनिारण चिभाग----सुपर स्पेिचलटी ब्लॉक रीिा,जन चिकायत चनिारण चिभाग,सुपर स्पेिचलटी ब्लॉक रीिा
जन चिकायत चनिारण चिभाग----सांबद्ध चिदक्सालय जबलपुर,जन चिकायत चनिारण चिभाग,सांबद्ध चिदक्सालय जबलपुर
जन चिकायत चनिारण चिभाग----सुल्ताचनया िचहला चिदक्सालय भोपाल,जन चिकायत चनिारण चिभाग,सुल्ताचनया िचहला चिदक्सालय भोपाल
जन चिकायत चनिारण चिभाग----हिीददया चिदक्सालय भोपाल,जन चिकायत चनिारण चिभाग,हिीददया चिदक्सालय भोपाल
जन चिकायत चनिारण चिभाग----नांद कु िार ससांह िौहान िासकीय चिदक्सा िहाचिद्यालय खांडिा,जन चिकायत चनिारण चिभाग,नांद कु िार ससांह िौहान िासकीय चिदक्सा िहाचिद्यालय खांडिा
जन सपका चिभाग----सछांदिाड़ा इांस्टीट्यूट ऑफ़ िेचडकल साइांस चिदक्सा िहाचिद्यालय सछांदिाड़ा,जन सपका चिभाग,सछांदिाड़ा इांस्टीट्यूट ऑफ़ िेचडकल साइांस चिदक्सा िहाचिद्यालय सछांदिाड़ा
जन सपका चिभाग----अटल चबहारी बाजपेयी िासकीय चिदक्सा िहाचिद्यालय चिददिा,जन सपका चिभाग,अटल चबहारी बाजपेयी िासकीय चिदक्सा िहाचिद्यालय चिददिा
जन सपका चिभाग----एि.आर.टी.बी. चिदक्सालय इांदौर,जन सपका चिभाग,एि.आर.टी.बी. चिदक्सालय इांदौर
जन सपका चिभाग----क्षय चिदक्सालय भोपाल,जन सपका चिभाग,क्षय चिदक्सालय भोपाल
जन सपका चिभाग----क्षय रोग चिदक्सालय सागर,जन सपका चिभाग,क्षय रोग चिदक्सालय सागर
जन सपका चिभाग----कैं सर चिदक्सालय इांदौर,जन सपका चिभाग,कैं सर चिदक्सालय इांदौर
जन सपका चिभाग----गजराराजा चिदक्सा िहाचिद्यालय ग्िाचलयर,जन सपका चिभाग,गजराराजा चिदक्सा िहाचिद्यालय ग्िाचलयर
जन सपका चिभाग----गाँधी िासकीय चिदक्सा िहाचिद्यालय भोपाल,जन सपका चिभाग,गाँधी िासकीय चिदक्सा िहाचिद्यालय भोपाल
जन सपका चिभाग----गाँधी स्िारक चिदक्सालय रीिा,जन सपका चिभाग,गाँधी स्िारक चिदक्सालय रीिा
जन सपका चिभाग----िािा नेहरु बाल चिदक्सालय इांदौर,जन सपका चिभाग,िािा नेहरु बाल चिदक्सालय इांदौर
जन सपका चिभाग----जयारोग्य चिदक्सालय सिूह ग्िाचलयर,जन सपका चिभाग,जयारोग्य चिदक्सालय सिूह ग्िाचलयर
जन सपका चिभाग----नेताजी सुभाष िांद्र बोस िासकीय चिदक्सा िहाचिद्यालय जबलपुर,जन सपका चिभाग,नेताजी सुभाष िांद्र बोस िासकीय चिदक्सा िहाचिद्यालय जबलपुर
जन सपका चिभाग----बुांदेलखांड िासकीय चिदक्सा िहाचिद्यालय सागर,जन सपका चिभाग,बुांदेलखांड िासकीय चिदक्सा िहाचिद्यालय सागर
जन सपका चिभाग----चबरसा िुण्डा िासकीय चिदक्सा िहाचिद्यालय िहडोल,जन सपका चिभाग,चबरसा िुण्डा िासकीय चिदक्सा िहाचिद्यालय िहडोल
जन सपका चिभाग----ि.प्र. आयुर्िाज्ञान चिश्वचिद्यालय जबलपुर,जन सपका चिभाग,ि.प्र. आयुर्िाज्ञान चिश्वचिद्यालय जबलपुर
जन सपका चिभाग----ि.प्र. दन्त चिदक्सा इन्दौर,जन सपका चिभाग,ि.प्र. दन्त चिदक्सा इन्दौर
जन सपका चिभाग----ि.प्र. नसेस रचजस्रेिन कौंचसल भोपाल,जन सपका चिभाग,ि.प्र. नसेस रचजस्रेिन कौंचसल भोपाल
जन सपका चिभाग----ि.प्र. पैरािेचडकल कौंचसल भोपाल,जन सपका चिभाग,ि.प्र. पैरािेचडकल कौंचसल भोपाल
जन सपका चिभाग----ि.प्र. िेचडकल कौंचसल भोपाल,जन सपका चिभाग,ि.प्र. िेचडकल कौंचसल भोपाल
जन सपका चिभाग----िहा्िा गाँधी स्िृचत चिदक्सा िहाचिद्यालय इांदौर,जन सपका चिभाग,िहा्िा गाँधी स्िृचत चिदक्सा िहाचिद्यालय इांदौर
जन सपका चिभाग----िहाराजा तुकोजीराि चिदक्सालय ( एि.टी.एि) इांदौर,जन सपका चिभाग,िहाराजा तुकोजीराि चिदक्सालय ( एि.टी.एि) इांदौर
जन सपका चिभाग----िहाराजा यििांत चिदक्सालय इांदौर,जन सपका चिभाग,िहाराजा यििांत चिदक्सालय इांदौर
जन सपका चिभाग----िानचसक आरोग्यिाला ग्िाचलयर,जन सपका चिभाग,िानचसक आरोग्यिाला ग्िाचलयर
जन सपका चिभाग----श्याििाह चिदक्सा िहाचिद्यालय रीिा,जन सपका चिभाग,श्याििाह चिदक्सा िहाचिद्यालय रीिा
जन सपका चिभाग----श्रीिांत चिजयराजे ससांचधया िासकीय चिदक्सा िहाचिद्यालय चििपुरी,जन सपका चिभाग,श्रीिांत चिजयराजे ससांचधया िासकीय चिदक्सा िहाचिद्यालय चििपुरी
जन सांपका चिभाग----िासकीय चिदक्सा िहाचिद्यालय दचतया,जन सांपका चिभाग,िासकीय चिदक्सा िहाचिद्यालय दचतया
जन सपका चिभाग----िासकीय चिदक्सा िहाचिद्यालय रतलाि,जन सपका चिभाग,िासकीय चिदक्सा िहाचिद्यालय रतलाि
जन सपका चिभाग----स्कू ल ऑफ़ एक्सीलेंस इन पल्िोनरी िेचडसन जबलपुर,जन सपका चिभाग,स्कू ल ऑफ़ एक्सीलेंस इन पल्िोनरी िेचडसन जबलपुर
जन सपका चिभाग----स्टेट कैं सर चिदक्सालय जबलपुर,जन सपका चिभाग,स्टेट कैं सर चिदक्सालय जबलपुर
जन सपका चिभाग----सुपर स्पेिचलटी अस्पताल इांदौर,जन सपका चिभाग,सुपर स्पेिचलटी अस्पताल इांदौर
जन सपका चिभाग----सुपर स्पेिचलटी अस्पताल ग्िाचलयर,जन सपका चिभाग,सुपर स्पेिचलटी अस्पताल ग्िाचलयर
जन सपका चिभाग----सुपर स्पेिचलटी चिदक्सालय जबलपुर,जन सपका चिभाग,सुपर स्पेिचलटी चिदक्सालय जबलपुर
जन सपका चिभाग----सुपर स्पेिचलटी ब्लॉक  रीिा,जन सपका चिभाग,सुपर स्पेिचलटी ब्लॉक  रीिा
जन सपका चिभाग----सांबद्ध चिदक्सालय जबलपुर,जन सपका चिभाग,सांबद्ध चिदक्सालय जबलपुर
जन सपका चिभाग----सुल्ताचनया िचहला चिदक्सालय भोपाल,जन सपका चिभाग,सुल्ताचनया िचहला चिदक्सालय भोपाल
जन सपका चिभाग----हिीददया चिदक्सालय भोपाल,जन सपका चिभाग,हिीददया चिदक्सालय भोपाल
जन सपका चिभाग----नांद कु िार ससांह िौहान िासकीय चिदक्सा िहाचिद्यालय खांडिा,जन सपका चिभाग,नांद कु िार ससांह िौहान िासकीय चिदक्सा िहाचिद्यालय खांडिा
जल सांसाधन चिभाग----जन सपका चिभाग,जल सांसाधन चिभाग,जन सपका चिभाग
जेल चिभाग----जल सांसाधन चिभाग,जेल चिभाग,जल सांसाधन चिभाग
जैि चिचिधता ि जैि प्रोद्योचगकी चिभाग----जेल चिभाग,जैि चिचिधता ि जैि प्रोद्योचगकी चिभाग,जेल चिभाग
"तकचनकी चिक्षा,कौिल चिकास एिां रोजगार चिभाग----जेल चिभाग","तकचनकी चिक्षा,कौिल चिकास एिां रोजगार चिभाग",जेल चिभाग
अध्या्ि चिभाग----कौिल चिकास चिभाग,अध्या्ि चिभाग,कौिल चिकास चिभाग
अध्या्ि चिभाग----तकचनकी चिक्षा चिभाग,अध्या्ि चिभाग,तकचनकी चिक्षा चिभाग
अध्या्ि चिभाग----प्रोफे िनल एग्जाचिनेिन बोडा,अध्या्ि चिभाग,प्रोफे िनल एग्जाचिनेिन बोडा
अध्या्ि चिभाग----आर जी पी िी,अध्या्ि चिभाग,आर जी पी िी
अध्या्ि चिभाग----रोजगार,अध्या्ि चिभाग,रोजगार
अध्या्ि चिभाग----प्रिेि एिां िुल्क चिचनयािक सचिचत-AFRC,अध्या्ि चिभाग,प्रिेि एिां िुल्क चिचनयािक सचिचत-AFRC
नगरीय चिकास एांि आिास चिभाग----अध्या्ि चिभाग,नगरीय चिकास एांि आिास चिभाग,अध्या्ि चिभाग
नगरीय चिकास एांि आिास चिभाग----िहाकालेश्वर िांददर उज्जैन,नगरीय चिकास एांि आिास चिभाग,िहाकालेश्वर िांददर उज्जैन
निादा घाटी चिकास चिभाग----नगर पाचलका/नगर पररषद/अन्य नगर चनकाय,निादा घाटी चिकास चिभाग,नगर पाचलका/नगर पररषद/अन्य नगर चनकाय
निादा घाटी चिकास चिभाग----साफ सफाई / स्िास्थ सेिाएँ - नगर चनगि,निादा घाटी चिकास चिभाग,साफ सफाई / स्िास्थ सेिाएँ - नगर चनगि
निादा घाटी चिकास चिभाग----प्रकाि व्यिस्था - नगर चनगि,निादा घाटी चिकास चिभाग,प्रकाि व्यिस्था - नगर चनगि
निादा घाटी चिकास चिभाग----पेयजल - नगर चनगि,निादा घाटी चिकास चिभाग,पेयजल - नगर चनगि
निादा घाटी चिकास चिभाग----सीिेज - नगर चनगि,निादा घाटी चिकास चिभाग,सीिेज - नगर चनगि
निादा घाटी चिकास चिभाग----अस्थाई अचतक्रिण - नगर चनगि,निादा घाटी चिकास चिभाग,अस्थाई अचतक्रिण - नगर चनगि
निादा घाटी चिकास चिभाग----चसचिल - नगर चनगि,निादा घाटी चिकास चिभाग,चसचिल - नगर चनगि
निादा घाटी चिकास चिभाग----भिन अनज्ञा - नगर चनगि,निादा घाटी चिकास चिभाग,भिन अनज्ञा - नगर चनगि
निादा घाटी चिकास चिभाग----राजस्ि - नगर चनगि,निादा घाटी चिकास चिभाग,राजस्ि - नगर चनगि
निादा घाटी चिकास चिभाग----आिारा कु त्ते - नगर चनगि,निादा घाटी चिकास चिभाग,आिारा कु त्ते - नगर चनगि
निादा घाटी चिकास चिभाग----सािान्य प्रिासन - नगर चनगि,निादा घाटी चिकास चिभाग,सािान्य प्रिासन - नगर चनगि
निादा घाटी चिकास चिभाग----आिारा पिु - नगर चनगि,निादा घाटी चिकास चिभाग,आिारा पिु - नगर चनगि
निादा घाटी चिकास चिभाग----सिस्त जन कल्याणकारी योजनायें - नगर चनगि,निादा घाटी चिकास चिभाग,सिस्त जन कल्याणकारी योजनायें - नगर चनगि
निादा घाटी चिकास चिभाग----िुख्यिांिी युिा स्िाचभिान योजना,निादा घाटी चिकास चिभाग,िुख्यिांिी युिा स्िाचभिान योजना
निादा घाटी चिकास चिभाग----गृह चनिााण िांडल,निादा घाटी चिकास चिभाग,गृह चनिााण िांडल
निादा घाटी चिकास चिभाग----चिकास प्राचधकरण,निादा घाटी चिकास चिभाग,चिकास प्राचधकरण
निादा घाटी चिकास चिभाग----आिारा सूअर - नगर चनगि,निादा घाटी चिकास चिभाग,आिारा सूअर - नगर चनगि
निादा घाटी चिकास चिभाग----उद्यान - नगर चनगि,निादा घाटी चिकास चिभाग,उद्यान - नगर चनगि
निादा घाटी चिकास चिभाग----याांचिकी योजना प्रकोष्ठ - नगर चनगि,निादा घाटी चिकास चिभाग,याांचिकी योजना प्रकोष्ठ - नगर चनगि
निादा घाटी चिकास चिभाग----स्िाटा चसटी - नगर चनगि,निादा घाटी चिकास चिभाग,स्िाटा चसटी - नगर चनगि
निादा घाटी चिकास चिभाग----निादा पररयोजना नगर चनगि,निादा घाटी चिकास चिभाग,निादा पररयोजना नगर चनगि
निादा घाटी चिकास चिभाग----स्थापना पेंिन - नगर चनगि,निादा घाटी चिकास चिभाग,स्थापना पेंिन - नगर चनगि
निादा घाटी चिकास चिभाग----िैध कालोनी सेल भिन अनज्ञा- नगर चनगि,निादा घाटी चिकास चिभाग,िैध कालोनी सेल भिन अनज्ञा- नगर चनगि
निादा घाटी चिकास चिभाग----जन्ि िृ्यु एिां चििाह पांजीयन - नगर चनगि,निादा घाटी चिकास चिभाग,जन्ि िृ्यु एिां चििाह पांजीयन - नगर चनगि
निादा घाटी चिकास चिभाग----सीिेज प्रकोष्ठ - नगर चनगि,निादा घाटी चिकास चिभाग,सीिेज प्रकोष्ठ - नगर चनगि
निादा घाटी चिकास चिभाग----पार्किं ग - नगर चनगि,निादा घाटी चिकास चिभाग,पार्किं ग - नगर चनगि
निादा घाटी चिकास चिभाग----राजधानी पररयोजना प्रिासन,निादा घाटी चिकास चिभाग,राजधानी पररयोजना प्रिासन
निादा घाटी चिकास चिभाग----बी.आर.टी.एस. एिां बीसीएलएल - नगर चनगि,निादा घाटी चिकास चिभाग,बी.आर.टी.एस. एिां बीसीएलएल - नगर चनगि
निादा घाटी चिकास चिभाग----होर्डिंग - नगर चनगि,निादा घाटी चिकास चिभाग,होर्डिंग - नगर चनगि
निादा घाटी चिकास चिभाग----स्थाई अचतक्रिण- नगर चनगि,निादा घाटी चिकास चिभाग,स्थाई अचतक्रिण- नगर चनगि
निादा घाटी चिकास चिभाग----टाउन एांड कां री प्लासनांग,निादा घाटी चिकास चिभाग,टाउन एांड कां री प्लासनांग
निादा घाटी चिकास चिभाग----एन.यू.एल.एि.योजना - नगर चनगि,निादा घाटी चिकास चिभाग,एन.यू.एल.एि.योजना - नगर चनगि
निादा घाटी चिकास चिभाग----झील सांरक्षण एिां पयाािरण - नगर चनगि,निादा घाटी चिकास चिभाग,झील सांरक्षण एिां पयाािरण - नगर चनगि
निादा घाटी चिकास चिभाग----जन सम्पका -नगर चनगि,निादा घाटी चिकास चिभाग,जन सम्पका -नगर चनगि
निादा घाटी चिकास चिभाग----चनगि किािारी पेंिन- नगर चनगि,निादा घाटी चिकास चिभाग,चनगि किािारी पेंिन- नगर चनगि
निादा घाटी चिकास चिभाग----साडा ग्िाचलयर,निादा घाटी चिकास चिभाग,साडा ग्िाचलयर
निीन एिां निकरणीय उजाा चिभाग----निादा घाटी चिकास चिभाग,निीन एिां निकरणीय उजाा चिभाग,निादा घाटी चिकास चिभाग
निीन एिां निकरणीय उजाा चिभाग----भू - अजान निादा घाटी,निीन एिां निकरणीय उजाा चिभाग,भू - अजान निादा घाटी
पांिायत एिां ग्रािीण चिकास चिभाग----सौर पथ प्रकाि सयांि,पांिायत एिां ग्रािीण चिकास चिभाग,सौर पथ प्रकाि सयांि
पांिायत एिां ग्रािीण चिकास चिभाग----सोलर पांप (निीन एिां निकरणीय उजाा चिभाग),पांिायत एिां ग्रािीण चिकास चिभाग,सोलर पांप (निीन एिां निकरणीय उजाा चिभाग)
पांिायत एिां ग्रािीण चिकास चिभाग----अक्षय उजाा िॉप,पांिायत एिां ग्रािीण चिकास चिभाग,अक्षय उजाा िॉप
पांिायत एिां ग्रािीण चिकास चिभाग----चग्रड सयोचजत पररयोजना-पिन ऊजाा,पांिायत एिां ग्रािीण चिकास चिभाग,चग्रड सयोचजत पररयोजना-पिन ऊजाा
पांिायत एिां ग्रािीण चिकास चिभाग----चग्रड सयोचजत पररयोजना-सौर ऊजाा,पांिायत एिां ग्रािीण चिकास चिभाग,चग्रड सयोचजत पररयोजना-सौर ऊजाा
पांिायत एिां ग्रािीण चिकास चिभाग----सोलर पॉिर पैक,पांिायत एिां ग्रािीण चिकास चिभाग,सोलर पॉिर पैक
पांिायत एिां ग्रािीण चिकास चिभाग----आर ई सी,पांिायत एिां ग्रािीण चिकास चिभाग,आर ई सी
पांिायत एिां ग्रािीण चिकास चिभाग----चग्रड सयोचजत पररयोजना-बायोिास,पांिायत एिां ग्रािीण चिकास चिभाग,चग्रड सयोचजत पररयोजना-बायोिास
पांिायत एिां ग्रािीण चिकास चिभाग----चग्रड सयोचजत पररयोजना-लद्यु जल चिद्युत ऊजाा,पांिायत एिां ग्रािीण चिकास चिभाग,चग्रड सयोचजत पररयोजना-लद्यु जल चिद्युत ऊजाा
पांिायत एिां ग्रािीण चिकास चिभाग----सोलर थिाल,पांिायत एिां ग्रािीण चिकास चिभाग,सोलर थिाल
पररिहन चिभाग----पांिायती राज,पररिहन चिभाग,पांिायती राज
पररिहन चिभाग----स्िच्छ भारत चििन (पांिायत एिां ग्रािीण चिकास चिभाग),पररिहन चिभाग,स्िच्छ भारत चििन (पांिायत एिां ग्रािीण चिकास चिभाग)
पररिहन चिभाग----िनरेगा,पररिहन चिभाग,िनरेगा
पररिहन चिभाग----इांददरा आिास योजना,पररिहन चिभाग,इांददरा आिास योजना
पररिहन चिभाग----प्रधानिांिी आिास योजना- ग्रािीण,पररिहन चिभाग,प्रधानिांिी आिास योजना- ग्रािीण
पररिहन चिभाग----िुख्यिांिी ग्रािीण आिास चििन,पररिहन चिभाग,िुख्यिांिी ग्रािीण आिास चििन
पररिहन चिभाग----प्रधानिांिी ग्राि सड़क योजना,पररिहन चिभाग,प्रधानिांिी ग्राि सड़क योजना
पररिहन चिभाग----िध्यान्ह भोजन,पररिहन चिभाग,िध्यान्ह भोजन
"पररिहन चिभाग----स्थापना िाखा, आयुक्त कायाालय",पररिहन चिभाग,"स्थापना िाखा, आयुक्त कायाालय"
पररिहन चिभाग----ग्रािीण याांचिकी सेिा ( आर. ई. एस.),पररिहन चिभाग,ग्रािीण याांचिकी सेिा ( आर. ई. एस.)
पररिहन चिभाग----राजीि गाँधी जल ग्रहण चििन (आर जी एि),पररिहन चिभाग,राजीि गाँधी जल ग्रहण चििन (आर जी एि)
पररिहन चिभाग----ि.प्र. राष्ट्रीय ग्रािीण आजीचिका चििन (एन आर एल एि),पररिहन चिभाग,ि.प्र. राष्ट्रीय ग्रािीण आजीचिका चििन (एन आर एल एि)
पररिहन चिभाग----िाल्िी,पररिहन चिभाग,िाल्िी
पयाटन चिभाग----पररिहन चिभाग,पयाटन चिभाग,पररिहन चिभाग
पयाटन चिभाग----स्थापना िाखा- पररिहन चिभाग,पयाटन चिभाग,स्थापना िाखा- पररिहन चिभाग
पयाटन चिभाग----एि.पी.आर.टी.सी,पयाटन चिभाग,एि.पी.आर.टी.सी
पिुपालन एिां डेयरी चिभाग----िध्यप्रदेि टूररज्ि बोडा,पिुपालन एिां डेयरी चिभाग,िध्यप्रदेि टूररज्ि बोडा
पिुपालन एिां डेयरी चिभाग----पयाटन चिभाग,पिुपालन एिां डेयरी चिभाग,पयाटन चिभाग
चपछड़ा िगा ि अल्पसांख्यक कल्याण चिभाग----पिुपालन,चपछड़ा िगा ि अल्पसांख्यक कल्याण चिभाग,पिुपालन
चपछड़ा िगा ि अल्पसांख्यक कल्याण चिभाग----डेयरी,चपछड़ा िगा ि अल्पसांख्यक कल्याण चिभाग,डेयरी
चपछड़ा िगा ि अल्पसांख्यक कल्याण चिभाग----पिुधन ि कु क्कु ट,चपछड़ा िगा ि अल्पसांख्यक कल्याण चिभाग,पिुधन ि कु क्कु ट
चपछड़ा िगा ि अल्पसांख्यक कल्याण चिभाग----नानाजी देििुख पिुचिदक्सा चिज्ञान चिश्वचिध्यालय,चपछड़ा िगा ि अल्पसांख्यक कल्याण चिभाग,नानाजी देििुख पिुचिदक्सा चिज्ञान चिश्वचिध्यालय
पुनिाास चिभाग----चपछड़ा िगा ि अल्पसांख्यक कल्याण चिभाग,पुनिाास चिभाग,चपछड़ा िगा ि अल्पसांख्यक कल्याण चिभाग
पुनिाास चिभाग----ि.प्र. चपछड़ा िगा एिां अल्पसांख्यक चित्त चिकास चनगि,पुनिाास चिभाग,ि.प्र. चपछड़ा िगा एिां अल्पसांख्यक चित्त चिकास चनगि
पुनिाास चिभाग----ि.प्र. राज्य हज  किेटी,पुनिाास चिभाग,ि.प्र. राज्य हज  किेटी
पुनिाास चिभाग----ि.प्र. िक्फ़ बोडा,पुनिाास चिभाग,ि.प्र. िक्फ़ बोडा
पुनिाास चिभाग----िसाचजद किेटी,पुनिाास चिभाग,िसाचजद किेटी
पुनिाास चिभाग----राज्य अल्पसांख्यक आयोग,पुनिाास चिभाग,राज्य अल्पसांख्यक आयोग
पुनिाास चिभाग----राज्य चपछड़ा िगा आयोग,पुनिाास चिभाग,राज्य चपछड़ा िगा आयोग
पुनिाास चिभाग----राज्य स्तरीय रोजगार एिां प्रचिक्षण कें द्र,पुनिाास चिभाग,राज्य स्तरीय रोजगार एिां प्रचिक्षण कें द्र
भोपाल गैस िासदी राहत एिां पुनिाास चिभाग----राजधानी परीयोजन प्रिासन भोपाल गैस िासदी राहत,भोपाल गैस िासदी राहत एिां पुनिाास चिभाग,राजधानी परीयोजन प्रिासन भोपाल गैस िासदी राहत
भोपाल गैस िासदी राहत एिां पुनिाास चिभाग----भोपाल गैस िासदी राहत एिां पुनिाास चिभाग,भोपाल गैस िासदी राहत एिां पुनिाास चिभाग,भोपाल गैस िासदी राहत एिां पुनिाास चिभाग
भोपाल गैस िासदी राहत एिां पुनिाास चिभाग----इांद्रा गाांधी चिदक्सालय भोपाल गैस िासदी राहत,भोपाल गैस िासदी राहत एिां पुनिाास चिभाग,इांद्रा गाांधी चिदक्सालय भोपाल गैस िासदी राहत
भोपाल गैस िासदी राहत एिां पुनिाास चिभाग----जिाहरलाल नेहरू चिदक्सालय भोपाल गसै,भोपाल गैस िासदी राहत एिां पुनिाास चिभाग,जिाहरलाल नेहरू चिदक्सालय भोपाल गसै
िासदी राहत,िासदी राहत,
भोपाल गैस िासदी राहत एिां पुनिाास चिभाग----किला नेहरू चिदक्सालय भोपाल गैस िासदी राहत,भोपाल गैस िासदी राहत एिां पुनिाास चिभाग,किला नेहरू चिदक्सालय भोपाल गैस िासदी राहत
भोपाल गैस िासदी राहत एिां पुनिाास चिभाग----पल्िोनरी िेचडचसन सेंटर भोपाल गैस िासदी राहत,भोपाल गैस िासदी राहत एिां पुनिाास चिभाग,पल्िोनरी िेचडचसन सेंटर भोपाल गैस िासदी राहत
भोपाल गैस िासदी राहत एिां पुनिाास चिभाग----िास्टर लाल ससांह चिदक्सालय भोपाल गैस िासदी राहत,भोपाल गैस िासदी राहत एिां पुनिाास चिभाग,िास्टर लाल ससांह चिदक्सालय भोपाल गैस िासदी राहत
भोपाल गैस िासदी राहत एिां पुनिाास चिभाग----खान िादकरअली खान चिदक्सालय भोपाल गैस िासदी राहत,भोपाल गैस िासदी राहत एिां पुनिाास चिभाग,खान िादकरअली खान चिदक्सालय भोपाल गैस िासदी राहत
िछु आ कल्याण एिां ि्स्य चिकास चिभाग----राजधानी परीयोजन प्रिासन भोपाल गैस िासदी राहत,िछु आ कल्याण एिां ि्स्य चिकास चिभाग,राजधानी परीयोजन प्रिासन भोपाल गैस िासदी राहत
िछु आ कल्याण एिां ि्स्य चिकास चिभाग----भोपाल गैस िासदी राहत एिां पुनिाास चिभाग,िछु आ कल्याण एिां ि्स्य चिकास चिभाग,भोपाल गैस िासदी राहत एिां पुनिाास चिभाग
िछु आ कल्याण एिां ि्स्य चिकास चिभाग----इांद्रा गाांधी चिदक्सालय भोपाल गैस िासदी राहत,िछु आ कल्याण एिां ि्स्य चिकास चिभाग,इांद्रा गाांधी चिदक्सालय भोपाल गैस िासदी राहत
िछु आ कल्याण एिां ि्स्य चिकास चिभाग----जिाहरलाल नेहरू चिदक्सालय भोपाल गैस िासदी राहत,िछु आ कल्याण एिां ि्स्य चिकास चिभाग,जिाहरलाल नेहरू चिदक्सालय भोपाल गैस िासदी राहत
िछु आ कल्याण एिां ि्स्य चिकास चिभाग----किला नेहरू चिदक्सालय भोपाल गैस िासदी राहत,िछु आ कल्याण एिां ि्स्य चिकास चिभाग,किला नेहरू चिदक्सालय भोपाल गैस िासदी राहत
िछु आ कल्याण एिां ि्स्य चिकास चिभाग----पल्िोनरी िेचडचसन सेंटर भोपाल गैस िासदी राहत,िछु आ कल्याण एिां ि्स्य चिकास चिभाग,पल्िोनरी िेचडचसन सेंटर भोपाल गैस िासदी राहत
िछु आ कल्याण एिां ि्स्य चिकास चिभाग----िास्टर लाल ससांह चिदक्सालय भोपाल गैस िासदी राहत,िछु आ कल्याण एिां ि्स्य चिकास चिभाग,िास्टर लाल ससांह चिदक्सालय भोपाल गैस िासदी राहत
िछु आ कल्याण एिां ि्स्य चिकास चिभाग----खान िादकरअली खान चिदक्सालय भोपाल गैस िासदी राहत,िछु आ कल्याण एिां ि्स्य चिकास चिभाग,खान िादकरअली खान चिदक्सालय भोपाल गैस िासदी राहत
िचहला एिां बाल चिकास चिभाग----िछु आ कल्याण एिां ि्स्य चिकास चिभाग,िचहला एिां बाल चिकास चिभाग,िछु आ कल्याण एिां ि्स्य चिकास चिभाग
योजना आर्थाक एिां साांख्यकी चिभाग----िचहला एिां बाल चिकास चिभाग,योजना आर्थाक एिां साांख्यकी चिभाग,िचहला एिां बाल चिकास चिभाग
राजस्ि चिभाग----योजना आर्थाक एिां साांख्यकी चिभाग,राजस्ि चिभाग,योजना आर्थाक एिां साांख्यकी चिभाग
राजस्ि चिभाग----चििाह पांजीयन,राजस्ि चिभाग,चििाह पांजीयन
राजस्ि चिभाग----जन्ि म्र्यु प्रिाण पि,राजस्ि चिभाग,जन्ि म्र्यु प्रिाण पि
लोक चनिााण चिभाग----राजस्ि चिभाग,लोक चनिााण चिभाग,राजस्ि चिभाग
लोक चनिााण चिभाग----प्राकृ चतक प्रकोप राहत राचि,लोक चनिााण चिभाग,प्राकृ चतक प्रकोप राहत राचि
लोक चनिााण चिभाग----सीिाांकन,लोक चनिााण चिभाग,सीिाांकन
लोक चनिााण चिभाग----कलेक्रेट  िाखा,लोक चनिााण चिभाग,कलेक्रेट  िाखा
लोक चनिााण चिभाग----भू-अजान,लोक चनिााण चिभाग,भू-अजान
लोक चनिााण चिभाग----खसरा खतोनी,लोक चनिााण चिभाग,खसरा खतोनी
लोक चनिााण चिभाग----भू अचभलेख  िाखा,लोक चनिााण चिभाग,भू अचभलेख  िाखा
लोक चनिााण चिभाग----नजूल भूिी िाखा,लोक चनिााण चिभाग,नजूल भूिी िाखा
लोक चनिााण चिभाग----राष्ट्रीय पॉिर चग्रड - चिद्युत् उजाा,लोक चनिााण चिभाग,राष्ट्रीय पॉिर चग्रड - चिद्युत् उजाा
लोक चनिााण चिभाग----िहरी क्षेि की भूिी पट्टा,लोक चनिााण चिभाग,िहरी क्षेि की भूिी पट्टा
लोक सेिा प्रबांधन चिभाग----लोक चनिााण चिभाग,लोक सेिा प्रबांधन चिभाग,लोक चनिााण चिभाग
लोक सेिा प्रबांधन चिभाग----िध्य प्रदेि सड़क चिकास चनगि  (एि.पी.आर.डी.सी.),लोक सेिा प्रबांधन चिभाग,िध्य प्रदेि सड़क चिकास चनगि  (एि.पी.आर.डी.सी.)
लोक सेिा प्रबांधन चिभाग----भारतीय राष्ट्रीय राजिागा प्राचधकरण (NHAI),लोक सेिा प्रबांधन चिभाग,भारतीय राष्ट्रीय राजिागा प्राचधकरण (NHAI)
लोक सेिा प्रबांधन चिभाग----सेतु पररक्षेि,लोक सेिा प्रबांधन चिभाग,सेतु पररक्षेि
लोक सेिा प्रबांधन चिभाग----राष्ट्रीय राजिागा ( नेिनल हाईिे ),लोक सेिा प्रबांधन चिभाग,राष्ट्रीय राजिागा ( नेिनल हाईिे )
लोक सेिा प्रबांधन चिभाग----पररयोजना दक्रयान्ियन इकाई (पी.आई.यू.),लोक सेिा प्रबांधन चिभाग,पररयोजना दक्रयान्ियन इकाई (पी.आई.यू.)
लोक सेिा प्रबांधन चिभाग----लोक चनिााण चिभाग- चिधुत याांचिकी,लोक सेिा प्रबांधन चिभाग,लोक चनिााण चिभाग- चिधुत याांचिकी
लोक स्िास््य एिां पररिार कल्याण चिभाग----लोक सेिा प्रबधन चिभाग,लोक स्िास््य एिां पररिार कल्याण चिभाग,लोक सेिा प्रबधन चिभाग
लोक स्िास्थय याांचिकी चिभाग----लोक स्िास््य,लोक स्िास्थय याांचिकी चिभाग,लोक स्िास््य
लोक स्िास्थय याांचिकी चिभाग----चजला अस्पताल,लोक स्िास्थय याांचिकी चिभाग,चजला अस्पताल
लोक स्िास्थय याांचिकी चिभाग----खाद्य एिां औषचध प्रिासन,लोक स्िास्थय याांचिकी चिभाग,खाद्य एिां औषचध प्रिासन
लोक स्िास्थय याांचिकी चिभाग----खाद्य सुरक्षा प्रिासन,लोक स्िास्थय याांचिकी चिभाग,खाद्य सुरक्षा प्रिासन
लोक स्िास्थय याांचिकी चिभाग----कोचिड-19,लोक स्िास्थय याांचिकी चिभाग,कोचिड-19
लोक स्िास्थय याांचिकी चिभाग----िध्यप्रदेि स्टेट फािेंसी कौचसल भोपाल,लोक स्िास्थय याांचिकी चिभाग,िध्यप्रदेि स्टेट फािेंसी कौचसल भोपाल
लोक स्िास्थय याांचिकी चिभाग----आयुष्िान भारत-चनराियि,लोक स्िास्थय याांचिकी चिभाग,आयुष्िान भारत-चनराियि
िन चिभाग----लोक स्िास्थय याांचिकी चिभाग,िन चिभाग,लोक स्िास्थय याांचिकी चिभाग
िन चिभाग----िध्यप्रदेि जल चनगि ियााददत,िन चिभाग,िध्यप्रदेि जल चनगि ियााददत
िन चिभाग----पररयोजना ईकाई सीहोर,िन चिभाग,पररयोजना ईकाई सीहोर
िन चिभाग----स्थापना िाखा - लोक स्िास्थय याांचिकी चिभाग,िन चिभाग,स्थापना िाखा - लोक स्िास्थय याांचिकी चिभाग
िन चिभाग----सीिेज प्रकोष्ठ - पी एि ई,िन चिभाग,सीिेज प्रकोष्ठ - पी एि ई
िन चिभाग----िैके चनकल सिांग -  पी.एि.ई,िन चिभाग,िैके चनकल सिांग -  पी.एि.ई
िन चिभाग----सांधारण खण्ड पी.एि.ई.,िन चिभाग,सांधारण खण्ड पी.एि.ई.
उद्योग नीचत एिां चनिेि प्रो्साहन चिभाग----िन चिभाग,उद्योग नीचत एिां चनिेि प्रो्साहन चिभाग,िन चिभाग
उद्योग नीचत एिां चनिेि प्रो्साहन चिभाग----िध्यप्रदेि राष्ट्रीय उद्यान,उद्योग नीचत एिां चनिेि प्रो्साहन चिभाग,िध्यप्रदेि राष्ट्रीय उद्यान
उद्योग नीचत एिां चनिेि प्रो्साहन चिभाग----िन्य जीि - िन चिभाग,उद्योग नीचत एिां चनिेि प्रो्साहन चिभाग,िन्य जीि - िन चिभाग
िाचणचज्यक कर चिभाग----बायलर,िाचणचज्यक कर चिभाग,बायलर
िाचणचज्यक कर चिभाग----रचजस्रार फम्सा एिां सोसायटीज,िाचणचज्यक कर चिभाग,रचजस्रार फम्सा एिां सोसायटीज
िाचणचज्यक कर चिभाग----िध्यप्रदेि औद्योचगक चिकास चनगि चलचिटेड (एि.पी.आई.डी.सी.),िाचणचज्यक कर चिभाग,िध्यप्रदेि औद्योचगक चिकास चनगि चलचिटेड (एि.पी.आई.डी.सी.)
चित्त चिभाग----आबकारी चिभाग,चित्त चिभाग,आबकारी चिभाग
चित्त चिभाग----पांजीयन एिां िुद्राांक चिभाग,चित्त चिभाग,पांजीयन एिां िुद्राांक चिभाग
चित्त चिभाग----िाचणज्य कर चिभाग,चित्त चिभाग,िाचणज्य कर चिभाग
चिचध एिां चिधायी काया चिभाग----लीड बैंक - सांस्थागत चित्त,चिचध एिां चिधायी काया चिभाग,लीड बैंक - सांस्थागत चित्त
चिचध एिां चिधायी काया चिभाग----सांस्थागत चित्त,चिचध एिां चिधायी काया चिभाग,सांस्थागत चित्त
चिचध एिां चिधायी काया चिभाग----कोष एिां लेखा,चिचध एिां चिधायी काया चिभाग,कोष एिां लेखा
चिचध एिां चिधायी काया चिभाग----पेंिन,चिचध एिां चिधायी काया चिभाग,पेंिन
चिचध एिां चिधायी काया चिभाग----स्थानीय चनचध सांपरीक्षक,चिचध एिां चिधायी काया चिभाग,स्थानीय चनचध सांपरीक्षक
चििानन चिभाग----चिचध एिां चिधायी काया चिभाग,चििानन चिभाग,चिचध एिां चिधायी काया चिभाग
चििुक्त घुिक्कड़ एिां अद्धघुिक्कड़ जाचत कल्याण चिभाग----चििानन चिभाग,चििुक्त घुिक्कड़ एिां अद्धघुिक्कड़ जाचत कल्याण चिभाग,चििानन चिभाग
श्रि चिभाग----चििुक्त घुिक्कड़ एिां अद्धघुिक्कड़ जाचत कल्याण चिभाग,श्रि चिभाग,चििुक्त घुिक्कड़ एिां अद्धघुिक्कड़ जाचत कल्याण चिभाग
सांसदीय काया चिभाग----श्रि आयुक्त कायाालय,सांसदीय काया चिभाग,श्रि आयुक्त कायाालय
सांसदीय काया चिभाग----राज्य बीिा किािारी चिदक्सालय (ESI),सांसदीय काया चिभाग,राज्य बीिा किािारी चिदक्सालय (ESI)
सांसदीय काया चिभाग----िध्यप्रदेि असांगरित किाकार कल्याण िण्डल सांबल योजना,सांसदीय काया चिभाग,िध्यप्रदेि असांगरित किाकार कल्याण िण्डल सांबल योजना
सांसदीय काया चिभाग----िध्यप्रदेि भिन सचनिााण एिां किाकार कल्याण िण्डल,सांसदीय काया चिभाग,िध्यप्रदेि भिन सचनिााण एिां किाकार कल्याण िण्डल
सांसदीय काया चिभाग----श्रि कल्याण िण्डल,सांसदीय काया चिभाग,श्रि कल्याण िण्डल
सांसदीय काया चिभाग----औद्योचगक स्िास््य एिां सुरक्षा,सांसदीय काया चिभाग,औद्योचगक स्िास््य एिां सुरक्षा
सांसदीय काया चिभाग----किािारी भचिष्य चनधी सांगिन (EPFO),सांसदीय काया चिभाग,किािारी भचिष्य चनधी सांगिन (EPFO)
सस्कृ चत चिभाग----पांचडत कुां जीलाल दबु,सस्कृ चत चिभाग,पांचडत कुां जीलाल दबु
ेराष्ट्रीय सांसदीय चिद्यापीि,ेराष्ट्रीय सांसदीय चिद्यापीि,
सस्कृ चत चिभाग----सांसदीय काया चिभाग,सस्कृ चत चिभाग,सांसदीय काया चिभाग
सहकाररता चिभाग----िध्यप्रदेि सस्कृ चत पररषद,सहकाररता चिभाग,िध्यप्रदेि सस्कृ चत पररषद
सहकाररता चिभाग----साँिी बौद्ध - भारतीय ज्ञान अध्ययन चिश्वचिद्यालय,सहकाररता चिभाग,साँिी बौद्ध - भारतीय ज्ञान अध्ययन चिश्वचिद्यालय
सहकाररता चिभाग----पुरात्ि अचभलेखागार एिां सांग्राहालय,सहकाररता चिभाग,पुरात्ि अचभलेखागार एिां सांग्राहालय
सहकाररता चिभाग----स्िराज सांस्थान सांिालनालय,सहकाररता चिभाग,स्िराज सांस्थान सांिालनालय
सहकाररता चिभाग----राजा िानससांह तोिर सगां,सहकाररता चिभाग,राजा िानससांह तोिर सगां
"ीत एिां कला चिश्वचिद्यालय, ग्िाचलयर","ीत एिां कला चिश्वचिद्यालय, ग्िाचलयर",
"सहकाररता चिभाग----सस्कृ चत सांिालनालय, भोपाल",सहकाररता चिभाग,"सस्कृ चत सांिालनालय, भोपाल"
सािाचजक न्याय एिां चनिक्त कल्याण चिभाग----सहकाररता चिभाग,सािाचजक न्याय एिां चनिक्त कल्याण चिभाग,सहकाररता चिभाग
सािाचजक न्याय एिां चनिक्त कल्याण चिभाग----दकसान क्रे चडट काड-ा,सािाचजक न्याय एिां चनिक्त कल्याण चिभाग,दकसान क्रे चडट काड-ा
सहकाररता,सहकाररता,
सािाचजक न्याय एिां चनिक्त कल्याण चिभाग----फसल बीिा - सहकाररता,सािाचजक न्याय एिां चनिक्त कल्याण चिभाग,फसल बीिा - सहकाररता
सािान्य प्रिासन चिभाग----सािाचजक न्याय एिां चनिक्त कल्याण चिभाग,सािान्य प्रिासन चिभाग,सािाचजक न्याय एिां चनिक्त कल्याण चिभाग
सूिना एिां प्रोद्योचगकी चिभाग----सािाचजक न्याय एिां चनिक्त कल्याण चिभाग,सूिना एिां प्रोद्योचगकी चिभाग,सािाचजक न्याय एिां चनिक्त कल्याण चिभाग
स्कू ल चिक्षा चिभाग----सूिना एिां प्रोद्योचगकी चिभाग,स्कू ल चिक्षा चिभाग,सूिना एिां प्रोद्योचगकी चिभाग
िध्यप्रदेि तीथा-स्थान एिां िेला प्राचधकरण भोपाल----लोक चिक्षण,िध्यप्रदेि तीथा-स्थान एिां िेला प्राचधकरण भोपाल,लोक चिक्षण
िध्यप्रदेि तीथा-स्थान एिां िेला प्राचधकरण भोपाल----राज्य चिक्षा कें द्र,िध्यप्रदेि तीथा-स्थान एिां िेला प्राचधकरण भोपाल,राज्य चिक्षा कें द्र
िध्यप्रदेि तीथा-स्थान एिां िेला प्राचधकरण भोपाल----ओपन स्कू ल,िध्यप्रदेि तीथा-स्थान एिां िेला प्राचधकरण भोपाल,ओपन स्कू ल
िध्यप्रदेि तीथा-स्थान एिां िेला प्राचधकरण भोपाल----JEE/NEET परीक्षा,िध्यप्रदेि तीथा-स्थान एिां िेला प्राचधकरण भोपाल,JEE/NEET परीक्षा
िध्यप्रदेि तीथा-स्थान एिां िेला प्राचधकरण भोपाल----चजला चिक्षा एिां प्रचिक्षण सांस्थान (DIET),िध्यप्रदेि तीथा-स्थान एिां िेला प्राचधकरण भोपाल,चजला चिक्षा एिां प्रचिक्षण सांस्थान (DIET)
िध्यप्रदेि तीथा-स्थान एिां िेला प्राचधकरण भोपाल----साक्षर भारत प्रौढ़ चिक्षा,िध्यप्रदेि तीथा-स्थान एिां िेला प्राचधकरण भोपाल,साक्षर भारत प्रौढ़ चिक्षा
िध्यप्रदेि तीथा-स्थान एिां िेला प्राचधकरण भोपाल----सस्कृ त बोडा,िध्यप्रदेि तीथा-स्थान एिां िेला प्राचधकरण भोपाल,सस्कृ त बोडा
िध्यप्रदेि तीथा-स्थान एिां िेला प्राचधकरण भोपाल----िदरसा बोडा,िध्यप्रदेि तीथा-स्थान एिां िेला प्राचधकरण भोपाल,िदरसा बोडा
िध्यप्रदेि तीथा-स्थान एिां िेला प्राचधकरण भोपाल----ि.प्र. पाठ्य पुस्तक चनगि,िध्यप्रदेि तीथा-स्थान एिां िेला प्राचधकरण भोपाल,ि.प्र. पाठ्य पुस्तक चनगि
िध्यप्रदेि तीथा-स्थान एिां िेला प्राचधकरण भोपाल----अचभलखे,िध्यप्रदेि तीथा-स्थान एिां िेला प्राचधकरण भोपाल,अचभलखे
िाखा- िाचिि,िाखा- िाचिि,
िध्यप्रदेि तीथा-स्थान एिां िेला प्राचधकरण भोपाल----अचभलखे,िध्यप्रदेि तीथा-स्थान एिां िेला प्राचधकरण भोपाल,अचभलखे
से चभन्न चिकायतें- िाचिि,से चभन्न चिकायतें- िाचिि,
िुख्यिांिी कायाालय----लोक चिक्षण,िुख्यिांिी कायाालय,लोक चिक्षण
िुख्यिांिी कायाालय----राज्य चिक्षा कें द्र,िुख्यिांिी कायाालय,राज्य चिक्षा कें द्र
िुख्यिांिी कायाालय----ओपन स्कू ल,िुख्यिांिी कायाालय,ओपन स्कू ल
िुख्यिांिी कायाालय----JEE/NEET परीक्षा,िुख्यिांिी कायाालय,JEE/NEET परीक्षा
िुख्यिांिी कायाालय----चजला चिक्षा एिां प्रचिक्षण सांस्थान (DIET),िुख्यिांिी कायाालय,चजला चिक्षा एिां प्रचिक्षण सांस्थान (DIET)
िुख्यिांिी कायाालय----साक्षर भारत प्रौढ़ चिक्षा,िुख्यिांिी कायाालय,साक्षर भारत प्रौढ़ चिक्षा
िुख्यिांिी कायाालय----सस्कृ त बोडा,िुख्यिांिी कायाालय,सस्कृ त बोडा
िुख्यिांिी कायाालय----िदरसा बोडा,िुख्यिांिी कायाालय,िदरसा बोडा
िुख्यिांिी कायाालय----ि.प्र. पाठ्य पुस्तक चनगि,िुख्यिांिी कायाालय,ि.प्र. पाठ्य पुस्तक चनगि
िुख्यिांिी कायाालय----अचभलखे,िुख्यिांिी कायाालय,अचभलखे
िाखा- िाचिि,िाखा- िाचिि,
िुख्यिांिी कायाालय----अचभलखे,िुख्यिांिी कायाालय,अचभलखे
से चभन्न चिकायतें- िाचिि,से चभन्न चिकायतें- िाचिि,
कें द्रीय िासनाचधनस्थ----लोक चिक्षण,कें द्रीय िासनाचधनस्थ,लोक चिक्षण
कें द्रीय िासनाचधनस्थ----राज्य चिक्षा कें द्र,कें द्रीय िासनाचधनस्थ,राज्य चिक्षा कें द्र
कें द्रीय िासनाचधनस्थ----ओपन स्कू ल,कें द्रीय िासनाचधनस्थ,ओपन स्कू ल
कें द्रीय िासनाचधनस्थ----JEE/NEET परीक्षा,कें द्रीय िासनाचधनस्थ,JEE/NEET परीक्षा
कें द्रीय िासनाचधनस्थ----चजला चिक्षा एिां प्रचिक्षण सांस्थान (DIET),कें द्रीय िासनाचधनस्थ,चजला चिक्षा एिां प्रचिक्षण सांस्थान (DIET)
कें द्रीय िासनाचधनस्थ----साक्षर भारत प्रौढ़ चिक्षा,कें द्रीय िासनाचधनस्थ,साक्षर भारत प्रौढ़ चिक्षा
कें द्रीय िासनाचधनस्थ----सस्कृ त बोडा,कें द्रीय िासनाचधनस्थ,सस्कृ त बोडा
कें द्रीय िासनाचधनस्थ----िदरसा बोडा,कें द्रीय िासनाचधनस्थ,िदरसा बोडा
कें द्रीय िासनाचधनस्थ----ि.प्र. पाठ्य पुस्तक चनगि,कें द्रीय िासनाचधनस्थ,ि.प्र. पाठ्य पुस्तक चनगि
कें द्रीय िासनाचधनस्थ----अचभलेख िाखा- िाचिि,कें द्रीय िासनाचधनस्थ,अचभलेख िाखा- िाचिि
कें द्रीय िासनाचधनस्थ----अचभलेख से चभन्न चिकायतें- िाचिि,कें द्रीय िासनाचधनस्थ,अचभलेख से चभन्न चिकायतें- िाचिि
सूक्ष्ि लघु और िध्यि उद्यि चिभाग----लोक चिक्षण,सूक्ष्ि लघु और िध्यि उद्यि चिभाग,लोक चिक्षण
सूक्ष्ि लघु और िध्यि उद्यि चिभाग----राज्य चिक्षा कें द्र,सूक्ष्ि लघु और िध्यि उद्यि चिभाग,राज्य चिक्षा कें द्र
सूक्ष्ि लघु और िध्यि उद्यि चिभाग----ओपन स्कू ल,सूक्ष्ि लघु और िध्यि उद्यि चिभाग,ओपन स्कू ल
सूक्ष्ि लघु और िध्यि उद्यि चिभाग----JEE/NEET परीक्षा,सूक्ष्ि लघु और िध्यि उद्यि चिभाग,JEE/NEET परीक्षा
सूक्ष्ि लघु और िध्यि उद्यि चिभाग----चजला चिक्षा एिां प्रचिक्षण सांस्थान (DIET),सूक्ष्ि लघु और िध्यि उद्यि चिभाग,चजला चिक्षा एिां प्रचिक्षण सांस्थान (DIET)
सूक्ष्ि लघु और िध्यि उद्यि चिभाग----साक्षर भारत प्रौढ़ चिक्षा,सूक्ष्ि लघु और िध्यि उद्यि चिभाग,साक्षर भारत प्रौढ़ चिक्षा
सूक्ष्ि लघु और िध्यि उद्यि चिभाग----सस्कृ त बोडा,सूक्ष्ि लघु और िध्यि उद्यि चिभाग,सस्कृ त बोडा
सूक्ष्ि लघु और िध्यि उद्यि चिभाग----िदरसा बोडा,सूक्ष्ि लघु और िध्यि उद्यि चिभाग,िदरसा बोडा
सूक्ष्ि लघु और िध्यि उद्यि चिभाग----ि.प्र. पाठ्य पुस्तक चनगि,सूक्ष्ि लघु और िध्यि उद्यि चिभाग,ि.प्र. पाठ्य पुस्तक चनगि
सूक्ष्ि लघु और िध्यि उद्यि चिभाग----अचभलेख िाखा- िाचिि,सूक्ष्ि लघु और िध्यि उद्यि चिभाग,अचभलेख िाखा- िाचिि
सूक्ष्ि लघु और िध्यि उद्यि चिभाग----अचभलेख से चभन्न चिकायतें- िाचिि,सूक्ष्ि लघु और िध्यि उद्यि चिभाग,अचभलेख से चभन्न चिकायतें- िाचिि
चिज्ञान एिां प्रौद्योचगकी चिभाग----चजला व्यापार एिां उद्योग कें द्र,चिज्ञान एिां प्रौद्योचगकी चिभाग,चजला व्यापार एिां उद्योग कें द्र
चिज्ञान एिां प्रौद्योचगकी चिभाग----लघु उद्योग चनगि,चिज्ञान एिां प्रौद्योचगकी चिभाग,लघु उद्योग चनगि
चिज्ञान एिां प्रौद्योचगकी चिभाग----सेंटर फॉर इांटरचप्रनचिप डेिलेपिेंट िध्यप्रदेि (सडे,चिज्ञान एिां प्रौद्योचगकी चिभाग,सेंटर फॉर इांटरचप्रनचिप डेिलेपिेंट िध्यप्रदेि (सडे
िेप),िेप),
िध्यप्रदेि चनजी चिश्वचिद्यालय चिचनयािक आयोग----चिज्ञान एिां प्रौद्योचगकी पररषद् भोपाल,िध्यप्रदेि चनजी चिश्वचिद्यालय चिचनयािक आयोग,चिज्ञान एिां प्रौद्योचगकी पररषद् भोपाल
पयाािरण  चिभाग----जी.एि.आर. यूचनिर्साटी चछन्दिाड़ा,पयाािरण  चिभाग,जी.एि.आर. यूचनिर्साटी चछन्दिाड़ा
पयाािरण चिभाग----टेक्नो ग्लोबल यूचनिर्साटी चिददिा,पयाािरण चिभाग,टेक्नो ग्लोबल यूचनिर्साटी चिददिा
पयाािरण चिभाग----श्री बैष्णि चिद्यापीि यूचनिर्साटी इन्दौर,पयाािरण चिभाग,श्री बैष्णि चिद्यापीि यूचनिर्साटी इन्दौर
पयाािरण चिभाग----पीपुल्स िेचडकल यूचनिर्साटी भोपाल,पयाािरण चिभाग,पीपुल्स िेचडकल यूचनिर्साटी भोपाल
पयाािरण चिभाग----आईसेक्ट यूचनिर्साटी रायसेन,पयाािरण चिभाग,आईसेक्ट यूचनिर्साटी रायसेन
पयाािरण चिभाग----स्िािी चििेकानांद यूचनिर्साटी सागर,पयाािरण चिभाग,स्िािी चििेकानांद यूचनिर्साटी सागर
पयाािरण चिभाग----सिापल्ली राधाकृ ष्ण यूचनिर्साटी भोपाल,पयाािरण चिभाग,सिापल्ली राधाकृ ष्ण यूचनिर्साटी भोपाल
पयाािरण चिभाग----आई.टी.एि. यूचनिर्साटी ग्िाचलयर,पयाािरण चिभाग,आई.टी.एि. यूचनिर्साटी ग्िाचलयर
पयाािरण चिभाग----आर. के . डी. एफ. यूचनिर्साटी भोपाल,पयाािरण चिभाग,आर. के . डी. एफ. यूचनिर्साटी भोपाल
पयाािरण चिभाग----ए. के . एस. यूचनिर्साटी सतना,पयाािरण चिभाग,ए. के . एस. यूचनिर्साटी सतना
पयाािरण चिभाग----डॉ. ए.पी.जे. अब्दलु,पयाािरण चिभाग,डॉ. ए.पी.जे. अब्दलु
कलाि यूचनिर्साटी इन्दौर,कलाि यूचनिर्साटी इन्दौर,
पयाािरण चिभाग----ओररएण्टल यूचनिर्साटी इन्दौर,पयाािरण चिभाग,ओररएण्टल यूचनिर्साटी इन्दौर
पयाािरण चिभाग----श्री स्य साईं यूचनिर्साटी ऑफ़ टेक्नोलोजी एांड िेचडकल साइांस सीहोर,पयाािरण चिभाग,श्री स्य साईं यूचनिर्साटी ऑफ़ टेक्नोलोजी एांड िेचडकल साइांस सीहोर
पयाािरण चिभाग----िेडी-के प्स यूचनिर्साटी इन्दौर,पयाािरण चिभाग,िेडी-के प्स यूचनिर्साटी इन्दौर
पयाािरण चिभाग----एल. एन. सी. टी. यूचनिर्साटी भोपाल,पयाािरण चिभाग,एल. एन. सी. टी. यूचनिर्साटी भोपाल
पयाािरण चिभाग----िांदसौर यूचनिर्साटी िांदसौर,पयाािरण चिभाग,िांदसौर यूचनिर्साटी िांदसौर
पयाािरण चिभाग----जे.पी. यूचनिर्साटी ऑफ़ इांजीचनयररांग एांड टेक्नोलोजी गना,पयाािरण चिभाग,जे.पी. यूचनिर्साटी ऑफ़ इांजीचनयररांग एांड टेक्नोलोजी गना
पयाािरण चिभाग----एचिटी यूचनिर्साटी ग्िाचलयर,पयाािरण चिभाग,एचिटी यूचनिर्साटी ग्िाचलयर
पयाािरण चिभाग----जागरन लके,पयाािरण चिभाग,जागरन लके
चसटी यूचनिर्साटी भोपाल,चसटी यूचनिर्साटी भोपाल,
पयाािरण चिभाग----िालिाांिल यूचनिर्साटी इन्दौर,पयाािरण चिभाग,िालिाांिल यूचनिर्साटी इन्दौर
पयाािरण चिभाग----पी.के . यूचनिर्साटी चििपुरी,पयाािरण चिभाग,पी.के . यूचनिर्साटी चििपुरी
पयाािरण चिभाग----सांजीि अग्रिाल ग्लोबल एजके िन यूचनिर्साटी_SAGE,पयाािरण चिभाग,सांजीि अग्रिाल ग्लोबल एजके िन यूचनिर्साटी_SAGE
पयाािरण चिभाग----िध्याांिल प्रोफे िनल यूचनिर्साटी,पयाािरण चिभाग,िध्याांिल प्रोफे िनल यूचनिर्साटी
कार्ििंक- सािान्य प्रिासन चिभाग----प्रदषण चनयांिण िांडल,कार्ििंक- सािान्य प्रिासन चिभाग,प्रदषण चनयांिण िांडल
कार्ििंक- सािान्य प्रिासन चिभाग----एप्को,कार्ििंक- सािान्य प्रिासन चिभाग,एप्को
िाखनलाल ितुिेदी राष्ट्रीय पिकाररता एिां सांिार चिश्वचिद्यालय (MCU)----प्रदषण चनयांिण िांडल,िाखनलाल ितुिेदी राष्ट्रीय पिकाररता एिां सांिार चिश्वचिद्यालय (MCU),प्रदषण चनयांिण िांडल
िाखनलाल ितुिेदी राष्ट्रीय पिकाररता एिां सांिार चिश्वचिद्यालय (MCU)----एप्को,िाखनलाल ितुिेदी राष्ट्रीय पिकाररता एिां सांिार चिश्वचिद्यालय (MCU),एप्को
आपदा प्रबधन चिभाग----िाखनलाल ितुिेदी राष्ट्रीय पिकाररता एिां सांिार चिश्वचिद्यालय (MCU),आपदा प्रबधन चिभाग,िाखनलाल ितुिेदी राष्ट्रीय पिकाररता एिां सांिार चिश्वचिद्यालय (MCU)
लोक पररसम्पचत्त प्रबांधन चिभाग----आपदा प्रबांधन,लोक पररसम्पचत्त प्रबांधन चिभाग,आपदा प्रबांधन
लोक पररसम्पचत्त प्रबांधन चिभाग----राज्य आपदा आपातकालीन िोिन बल ि.प्र.,लोक पररसम्पचत्त प्रबांधन चिभाग,राज्य आपदा आपातकालीन िोिन बल ि.प्र.
